season_player_id,player_id,player_name,games,time,goals,xG,assists,xA,shots,key_passes,yellow_cards,red_cards,position,team_title,npg,npxG,xGChain,xGBuildup,year
5005,6531,Alexander Sørloth,34,2487,23,15.42916595377028,6,4.057515846565366,78,33,3,0,F S,Villarreal,23,15.42916595377028,20.514578377828,3.4321656189858913,2023
5006,227,Robert Lewandowski,35,2777,19,17.914700919762254,8,5.09992503747344,92,27,5,0,F S,Barcelona,15,14.941590474918485,25.661629386246204,9.227330034598708,2023
5008,1235,Ante Budimir,33,2476,17,15.208166905678809,2,2.322105295024812,77,12,4,0,F S,Osasuna,14,12.23505643196404,12.838875048793852,1.577920326963067,2023
5009,2270,Antoine Griezmann,33,2685,16,13.233244309201837,6,5.676792664453387,79,43,5,0,F M S,Atletico Madrid,12,10.260133827105165,25.45843400619924,11.906192127615212,2023
5010,5169,Youssef En-Nesyri,33,2580,16,13.3881605733186,2,1.3884780388325453,73,9,4,0,F S,Sevilla,15,12.64488290436566,14.379435012117028,2.695498451590538,2023
5012,2252,Borja Mayoral Moya,27,2193,15,11.781445782631636,1,1.9314997978508472,47,20,2,0,F M S,Getafe,11,8.808335237205029,12.544378835707905,2.4337577307596803,2023
5013,7008,Vinícius Júnior,26,1902,15,15.999081552028656,5,4.433579048141837,78,31,7,0,F M S,Real Madrid,14,15.255804002285004,20.517531529068947,4.835081744939089,2023
5015,6637,Hugo Duro,37,3050,13,11.410676322877409,2,1.5678155571222303,65,15,4,0,F M S,Valencia,13,11.410676322877409,14.390071650967002,2.716021410189569,2023
5016,11070,Jørgen Strand Larsen,37,2951,13,16.671772304922342,3,2.7474186159670353,81,24,3,0,F M S,Celta Vigo,13,16.671772304922342,20.40579062514007,4.552490897476673,2023
5017,2399,Iñaki Williams,34,2880,12,11.432036427780986,3,6.1919286930933595,93,44,4,0,F M S,Athletic Club,12,11.432036427780986,21.492380052804947,5.147575912997127,2023
5018,10400,Myrto Uzuni,34,2490,11,12.619373556226492,1,3.1601249799132347,64,18,3,0,F M S,Granada,7,8.902985572814941,10.58439028635621,1.75699582695961,2023
5019,866,Joselu,34,1631,10,13.563519598916171,2,2.3252388201653957,63,12,0,0,F S,Real Madrid,10,12.076964350417256,17.439819484949112,5.645642139017582,2023
5020,2120,Gerard Moreno,30,2296,10,9.997523443773389,6,5.868685748428106,63,53,0,0,F M S,Villarreal,8,7.767690574750304,16.735687041655183,7.895937273278832,2023
5021,2361,Willian José,33,2004,10,6.604414518922567,5,3.088982405140996,48,27,0,1,F S,Real Betis,10,6.604414518922567,11.779934830963612,2.7242426984012127,2023
5022,8015,Rodrygo,34,2426,10,12.429995279759169,5,4.424967087805271,87,46,2,0,F S,Real Madrid,10,11.68671764060855,22.53792427107692,10.114376921206713,2023
5024,1709,Cristhian Stuani,31,694,9,11.261974029242992,3,2.2404822162352502,34,10,6,0,F S,Girona,9,11.261974029242992,11.822853227611631,0.315147440880537,2023
5026,2275,Ángel Correa,32,1502,9,7.449641685932875,2,4.268415723927319,43,32,3,0,F M S,Atletico Madrid,9,7.449641685932875,16.604389868676662,6.348268950358033,2023
5027,2290,Iago Aspas,35,2736,9,10.404229525476694,10,12.151071110740304,78,90,6,1,F M S,Celta Vigo,6,6.687841277569532,23.67988681048155,10.63012528140098,2023
5031,2255,Isco,29,2377,8,9.666563872247934,5,8.340999964624643,63,81,10,0,M S,Real Betis,6,8.180008582770824,19.04085874557495,7.847405590116978,2023
5034,11322,Viktor Tsygankov,30,2118,8,7.182822577655315,7,6.8491873703897,44,35,0,0,D F M S,Girona,8,7.182822577655315,18.07124217972159,9.44023699592799,2023
5036,2186,Morales,29,996,7,5.825236776843667,0,0.5933051854372025,25,5,0,0,F M S,Villarreal,7,5.825236776843667,8.629727041348815,2.665788280777633,2023
5039,6118,Portu,36,1205,7,4.878957163542509,5,3.654219825752079,22,18,4,0,F M S,Getafe,7,4.878957163542509,11.30895071849227,3.484933052212,2023
5040,6441,Ferrán Torres,29,1168,7,6.14692690782249,2,2.06962201744318,38,26,2,0,F M S,Barcelona,7,6.14692690782249,11.04676415026188,4.374510854482651,2023
5041,7892,João Félix,30,1530,7,8.801812421530485,3,3.087745688855648,61,19,3,0,F M S,Barcelona,7,8.801812421530485,17.652851674705744,7.777922375127673,2023
5042,8001,Takefusa Kubo,30,2169,7,5.006727017462254,4,6.733130760490894,46,58,1,0,F M S,Real Sociedad,7,5.006727017462254,12.395342625677586,3.640120666474104,2023
5043,9002,Vedat Muriqi,29,2335,7,11.220534628257155,2,3.225141496397555,66,34,4,0,F S,Mallorca,6,8.990829708054662,9.76861596852541,2.220715753734112,2023
5045,1189,Lucas Boyé,31,2613,6,7.1452496172860265,3,3.2088521169498563,56,27,8,1,F M S,Granada,6,7.1452496172860265,10.558177180588244,3.42706776317209,2023
5047,2518,Marcos Llorente,37,2580,6,4.876857055351138,4,6.641838442534208,30,26,5,0,D F M S,Atletico Madrid,6,4.876857055351138,19.585022961720824,10.337015140801668,2023
5048,7071,Álvaro García Rivera,32,2537,6,7.1121873166412115,1,3.6980624217540026,45,40,6,1,F M S,Rayo Vallecano,6,7.1121873166412115,11.993901647627354,1.8538533048704269,2023
5050,8026,Raphinha,28,1385,6,7.7319870218634605,9,6.221527995541692,59,40,4,1,F M S,Barcelona,5,6.988709412515163,14.769633650779724,7.721641294658184,2023
5057,555,Memphis Depay,23,870,5,6.286115247756243,1,2.167686432600022,39,12,2,0,F S,Atletico Madrid,5,6.286115247756243,9.110113620758057,1.083245625719428,2023
5060,6227,Brais Méndez,32,2435,5,4.253141248598695,6,5.089708650484681,66,40,7,0,F M S,Real Sociedad,5,4.253141248598695,12.606009811162949,7.558188047260046,2023
5062,7009,Jaime Mata Arnaiz,36,1891,5,5.709469351917505,1,1.5407152902334929,34,18,8,1,F M S,Getafe,5,5.709469351917505,7.414690779522061,1.9643178265541792,2023
5063,7350,Yangel Herrera,29,2164,5,6.0530829429626465,0,2.1153405918739736,52,18,9,0,D M S,Girona,5,6.0530829429626465,18.590083649381995,13.715097695589066,2023
5066,8045,Eric García Martret,32,2700,5,3.56385139375925,0,0.3726290613412857,17,10,4,0,D S,Barcelona,5,3.56385139375925,19.731849279254675,19.571538623422384,2023
5067,9211,Nico Williams,31,2336,5,6.556464571505785,11,7.37903618440032,56,46,4,1,M S,Athletic Club,5,6.556464571505785,20.137821784242988,8.772917037829757,2023
5070,1109,Lucas Ocampos,35,2934,4,6.91489348327741,3,5.845869053155184,64,36,9,0,D F M S,Sevilla,3,6.1716159037314355,16.757698979228735,7.750453559681773,2023
5074,6076,Nemanja Maksimović,38,3381,4,5.083175158128142,0,1.093019516672939,34,21,4,0,F M,Getafe,4,5.083175158128142,8.056125676259398,2.8436265839263797,2023
5075,6917,Rubén Alcaraz Jiménez,37,3256,4,3.218607753980905,1,1.4706367831677198,49,21,14,0,M,Cadiz,1,1.7320524961687624,9.142522914335132,7.632076874375343,2023
5076,7308,Ander Barrenetxea,29,1459,4,4.389514604583383,1,1.0995194213464856,37,13,1,0,F M S,Real Sociedad,4,4.389514604583383,9.233631463721396,4.014798982068896,2023
5078,7779,Oihan Sancet Tirapu,30,2041,4,7.619544181972742,5,5.002125304192305,42,42,3,2,M S,Athletic Club,4,6.876266572624445,19.383669286966324,8.901302080601454,2023
5079,8935,Pedri,24,1482,4,3.1283660791814327,2,4.8382852748036385,15,37,3,0,F M S,Barcelona,4,3.1283660791814327,17.99414351582527,12.402524460107088,2023
5082,10943,Samuel Dias Lino,34,2109,4,6.0498463828116655,5,5.474011484533548,54,34,1,0,D M S,Atletico Madrid,4,6.0498463828116655,18.711061470210552,9.383106797933578,2023
5085,897,Juanmi,17,902,3,2.3942705281078815,1,1.3814822752028704,14,11,3,0,F S,Cadiz,3,2.3942705281078815,3.842763864435255,0.4586437502875924,2023
5086,1055,Aleix García Serrano,37,3211,3,1.654544435441494,6,6.275433077011257,39,57,4,1,M S,Girona,3,1.654544435441494,27.22444500774145,25.424102568998933,2023
5088,1450,Umar Sadiq,26,1084,3,4.327728940173984,1,1.3044183999300003,33,10,4,0,F S,Real Sociedad,3,4.327728940173984,5.5899777337908745,0.7982677100226283,2023
5089,1857,David López,25,2004,3,2.560835152864456,0,0.1779922470450401,16,3,4,0,D M,Girona,3,2.560835152864456,10.93809008039534,10.907519856467845,2023
5090,2104,Sergi Roberto,14,861,3,1.7566438242793083,2,0.92743831127882,10,10,4,0,D M S,Barcelona,3,1.7566438242793083,7.062162987887859,5.1875479854643345,2023
5091,2106,Munir,38,2529,3,5.857398867607117,2,1.977289479225874,43,24,2,0,F M S,Las Palmas,3,5.114121228456497,6.820673560723662,1.9331548307091,2023
5093,2183,Rubén García,30,1565,3,2.8549397652968764,2,3.817399071529507,28,32,1,0,F M S,Osasuna,3,2.8549397652968764,7.513364969752729,2.6561790024861693,2023
5097,2253,Lucas Vázquez,29,1385,3,1.4752543810755014,5,5.109131463803351,11,29,0,0,D S,Real Madrid,3,1.4752543810755014,13.438542291522026,9.925284247845411,2023
5100,2584,Raillo,26,2200,3,1.0896789133548737,2,1.946201842278242,29,8,4,1,D S,Mallorca,3,1.0896789133548737,3.3288030233234167,2.4110382981598377,2023
5102,5073,Florian Lejeune,37,3330,3,2.7786948457360268,1,1.1222076853737235,64,9,5,0,D,Rayo Vallecano,3,2.7786948457360268,6.015694395639002,5.366033425554633,2023
5103,5074,Kike García,33,1422,3,10.34052965976298,2,1.8036036575213077,57,18,3,0,F S,Alaves,3,9.59725202061236,11.441010985523462,1.9085751418024304,2023
5104,5077,Mikel Vesga Arruti,27,1529,3,2.68631455861032,1,1.3270403016358614,19,7,2,0,M S,Athletic Club,1,1.199759339913726,5.111013642512262,3.481826763600111,2023
5105,5179,Jon Guridi Aldalur,36,2758,3,4.945392818190157,4,4.183825055137277,36,32,2,0,F M S,Alaves,3,4.945392818190157,15.704903387464585,9.304360631853342,2023
5108,6533,Anthony Lozano,19,844,3,4.719658374786377,0,0.9141268488019704,27,9,2,0,F S,Almeria,3,4.719658374786377,4.992544200271368,0.7519851960241795,2023
5109,6560,Aurélien Tchouaméni,27,1989,3,1.1284832786768677,1,1.016305934637785,27,10,6,0,D M S,Real Madrid,3,1.1284832786768677,14.34218283277005,13.378327887505291,2023
5111,8002,Rodrigo Riquelme Reche,34,1502,3,3.1890832781791687,5,4.1543308813124895,36,28,1,0,D F M S,Atletico Madrid,3,3.1890832781791687,10.4628825802356,4.837257476523519,2023
5114,8489,Jorge Cuenca Barreno,29,1943,3,1.5723481718450785,1,0.2578685991466045,19,6,7,0,D S,Villarreal,3,1.5723481718450785,5.850654125213623,5.564333848655224,2023
5120,11340,Cyle Larin,35,1834,3,8.655439012683928,2,0.6739965248852968,69,10,8,0,F S,Mallorca,3,8.655439012683928,9.256140869110824,1.6772314738482237,2023
5123,12160,Alberto Moleiro González,28,1817,3,1.88723237067461,3,2.46946167293936,33,27,2,0,F M S,Las Palmas,3,1.88723237067461,5.9564906693995,2.778646009042859,2023
5124,200,Andreas Christensen,30,2071,2,0.7326760925352573,2,1.1259709149599075,11,6,4,0,D M S,Barcelona,2,0.7326760925352573,11.990120647475123,11.355757901445031,2023
5125,451,Matija Nastasić,26,2251,2,1.3440532181411982,0,0.3397770263254642,8,5,8,0,D S,Mallorca,2,1.3440532181411982,3.4352134186774492,2.651814231649041,2023
5126,608,Alberto Moreno,27,1507,2,1.2026363052427769,2,1.7425644844770432,17,16,1,2,D M S,Villarreal,2,1.2026363052427769,8.26783012598753,5.657957712188363,2023
5127,644,Erik Lamela,13,443,2,1.7779102623462677,0,1.3970007188618183,9,12,3,0,M S,Sevilla,2,1.7779102623462677,3.96923715993762,1.89701737370342,2023
5128,2070,Carlos Fernández Luna,10,407,2,1.4206017851829529,1,0.437736451625824,9,2,2,0,F S,Real Sociedad,1,0.6773241832852364,0.8234930839389563,0.0505063440650701,2023
5129,2094,Ivan Rakitic,18,1438,2,1.0803361106663942,1,3.3129946729168296,32,49,6,0,M S,Sevilla,2,1.0803361106663942,4.866999372839928,3.6569386990740895,2023
5131,2168,Bebé,19,157,2,1.548812891356647,0,0.2659009620547294,16,3,1,0,S,Rayo Vallecano,1,0.8055352820083499,1.5149233266711235,0.8059836337342858,2023
5132,2250,Luka Modric,32,1673,2,1.234472492709756,6,7.648128478787839,25,55,2,0,M S,Real Madrid,2,1.234472492709756,17.069808715954423,14.450822414830329,2023
5133,2358,Jonathan Viera,21,1569,2,3.419524535536766,4,3.984316235408187,26,45,2,1,F M S,Almeria,0,1.93309722840786,9.009981509298086,5.22716449201107,2023
5135,2401,Muniain,20,567,2,2.1089497916400433,0,0.8693453073501587,13,13,1,0,M S,Athletic Club,2,2.1089497916400433,4.539409592747688,2.5994030721485615,2023
5137,2589,Rafa Mir,15,350,2,1.5057746144011617,0,0.2619092240929603,15,5,1,0,F S,Sevilla,2,1.5057746144011617,1.872372434474528,0.1251072380691766,2023
5139,2621,Sergi Darder,36,2130,2,1.7865178659558296,5,5.888831946998835,32,51,4,0,M S,Mallorca,2,1.7865178659558296,7.913182632997632,3.5740005373954773,2023
5140,3059,Axel Witsel,35,2762,2,1.1863595861941576,0,0.3938517831265926,6,3,5,0,D S,Atletico Madrid,2,1.1863595861941576,14.69416292756796,14.316268928349018,2023
5144,6241,Federico Valverde,37,2931,2,4.201607981696725,7,6.22173410281539,56,49,2,0,M S,Real Madrid,2,4.201607981696725,27.96735017001629,20.866584636271,2023
5145,6427,Aitor Ruibal García,18,1040,2,1.2375148171558976,1,1.127075096592307,13,10,5,0,D M S,Real Betis,2,1.2375148171558976,4.722409792244434,3.3653818890452385,2023
5147,6955,Ezequiel Ávila,23,1177,2,2.7618715008720756,3,1.9776590215042231,36,23,5,3,F M S,Osasuna,2,2.7618715008720756,7.255484355613589,3.985528225079179,2023
5148,7070,Santiago Comesaña Veiga,27,1645,2,2.165256801992655,0,1.4374671690165997,17,12,6,2,M S,Villarreal,2,2.165256801992655,7.749161342158914,5.8644063249230385,2023
5150,7276,Robin Le Normand,29,2484,2,0.8448614859953523,0,0.1142949070781469,9,3,13,0,D S,Real Sociedad,2,0.8448614859953523,7.548361234366894,7.5338910184800625,2023
5151,7432,Reinildo,16,713,2,1.2540149614214895,1,0.6998050753027201,5,5,2,0,D S,Atletico Madrid,2,1.2540149614214895,3.792576534673571,2.960359640419483,2023
5152,7781,Frenkie de Jong,20,1641,2,1.0600792113691568,0,2.509486421942711,7,21,7,0,D M,Barcelona,2,1.0600792113691568,17.80471708625555,15.505143828690052,2023
5153,7841,Dani Rodríguez,36,2672,2,1.548793044872582,4,5.381772861815989,27,50,8,0,F M S,Mallorca,2,1.548793044872582,8.062609313055873,4.183748701587319,2023
5156,8142,Edgar González Estrada,31,2541,2,1.9409231208264828,0,0.300341859459877,13,7,5,1,D M S,Almeria,2,1.9409231208264828,5.982757529243827,5.704114023596048,2023
5157,8267,Guido Rodríguez,24,1865,2,0.7606446947902441,0,0.7604827135801315,18,4,6,0,M S,Real Betis,2,0.7606446947902441,6.565757455304265,5.561212830245495,2023
5161,8963,Nahuel Molina,30,1845,2,1.3038488682359457,3,2.7496361136436462,12,19,4,1,D S,Atletico Madrid,2,1.3038488682359457,13.15212426148355,10.882931523025036,2023
5162,9011,Óscar Mingueza García,38,2998,2,2.3126691011711955,2,5.042737593874335,28,49,4,0,D F M S,Celta Vigo,2,2.3126691011711955,16.73545361869037,13.703091602772474,2023
5177,572,Etienne Capoue,32,1407,1,1.383053512312472,1,0.934924954548478,14,9,8,0,M S,Villarreal,1,1.383053512312472,7.873502869158983,6.262989364564419,2023
5180,1003,Pablo Maffeo,22,1467,1,1.0679006753489375,2,0.7505094222724438,10,10,3,0,D S,Mallorca,1,1.0679006753489375,4.110106518492103,2.8312632646411657,2023
5182,1129,Suso,29,1512,1,1.3368166759610176,4,5.227224212139845,26,40,5,1,F M S,Sevilla,1,1.3368166759610176,8.484955254942179,5.2473676316440105,2023
5184,1822,Antonio Rüdiger,33,2704,1,1.827603718265891,0,1.1107329986989498,19,5,7,0,D S,Real Madrid,1,1.827603718265891,18.69485248811543,17.799246959388256,2023
5186,2143,Germán Pezzella,32,2794,1,2.001612448133528,0,0.6059935558587313,23,4,7,0,D,Real Betis,1,2.001612448133528,6.906882889568806,6.8436340764164925,2023
5188,2369,Toni Kroos,33,2152,1,1.7282002866268158,8,6.074183616787195,35,62,3,0,M S,Real Madrid,1,1.7282002866268158,19.829758189618587,18.52178361266851,2023
5190,2437,Gonzalo Escalante,26,1790,1,1.5264770975336432,2,1.464338380843401,15,11,2,1,M S,Cadiz,1,1.5264770975336432,3.778125042095781,3.0274629313498735,2023
5191,2452,De Tomás,28,2261,1,0.9442514274269342,5,3.225184014067054,5,21,5,0,D S,Athletic Club,1,0.9442514274269342,12.379830218851566,10.082095950841904,2023
5194,2537,Sandro Ramírez Castillo,27,1843,1,4.187466069124639,3,3.5517972512170672,51,31,2,0,F M S,Las Palmas,1,3.4441884150728583,6.363823507912457,2.0989825716242194,2023
5196,3237,Aïssa Mandi,16,1110,1,0.7814082130789757,0,0.4293010160326957,4,2,3,0,D S,Villarreal,1,0.7814082130789757,4.181226946413517,3.7342914566397662,2023
5197,3667,Nabil Fekir,19,1052,1,2.299122029915452,2,2.2748832907527685,27,30,1,0,F M S,Real Betis,1,2.299122029915452,4.824952717870474,2.524621143937111,2023
5198,4091,Unai López Cabrera,35,2184,1,0.8788710786029696,2,2.6451427740976214,32,31,8,0,M S,Rayo Vallecano,1,0.8788710786029696,6.50930130854249,4.759890879504383,2023
5201,4242,Stefan Mitrović,11,721,1,0.1143389642238617,0,0.4140972308814525,1,2,3,0,D S,Getafe,1,0.1143389642238617,0.8236163817346096,0.4095191545784473,2023
5203,5058,Carles Aleñá Castillo,30,1039,1,1.577088724821806,1,1.884065702557564,16,17,5,0,M S,Getafe,1,1.577088724821806,2.7812199518084526,1.221043431200087,2023
5204,5141,Unai García Lugea,9,558,1,0.0831124559044838,0,0.0066396472975611,2,1,3,1,D S,Osasuna,1,0.0831124559044838,1.044558867812157,1.044558867812157,2023
5206,5212,Sergio Guardiola Navarro,22,386,1,1.910371983423829,1,1.0110417641699314,12,4,1,0,F S,Cadiz,1,1.910371983423829,3.719693067483604,1.2106836950406432,2023
5207,5666,Mouctar Diakhaby,14,1081,1,1.1500477269291878,0,0.0328477164730429,7,2,6,0,D M S,Valencia,1,1.1500477269291878,2.1444153022021055,2.007977155968547,2023
5208,6126,Ander Guevara Lajo,37,2951,1,0.5354672893881798,0,0.7199857886880636,16,21,7,0,M S,Alaves,1,0.5354672893881798,8.532187378033996,7.727060517296195,2023
5209,6149,Unai Núñez,34,2807,1,2.559862903319299,0,0.5769859924912453,21,10,4,0,D S,Celta Vigo,1,2.559862903319299,9.434673003852367,9.207855448126791,2023
5210,6306,Juan Foyth,12,1066,1,0.9108466282486916,1,0.8086542831733823,6,5,1,0,D,Villarreal,1,0.9108466282486916,3.285667860880494,2.5356477182358503,2023
5212,6433,Jules Koundé,35,2887,1,1.76188949868083,2,2.4667577035725117,24,23,4,0,D S,Barcelona,1,1.76188949868083,23.405811548233032,22.4094820022583,2023
5214,6570,Óscar Rodríguez Arnaiz,25,973,1,1.608869817107916,1,1.426833689212799,34,21,10,0,F M S,Getafe,1,1.608869817107916,5.656665023416281,3.20871976390481,2023
5216,6750,Gonzalo Villar,35,1787,1,1.4651812510564923,3,1.4083677809685469,22,13,7,0,F M S,Granada,1,1.4651812510564923,5.990052342414856,3.5424873642623425,2023
5217,6926,William Carvalho,22,604,1,0.3391710165888071,3,0.833967974409461,8,10,2,0,M S,Real Betis,1,0.3391710165888071,3.33754407428205,3.022481644526124,2023
5218,6953,Gonzalo Melero Manzanares,28,1062,1,2.3216972649097443,1,1.2438790807500482,14,11,3,0,F M S,Almeria,1,2.3216972649097443,6.897926954552531,4.402093879878521,2023
5219,7050,Lucas Torró Marset,28,1791,1,1.4957571886479857,0,0.6539105530828238,30,9,5,0,M S,Osasuna,1,1.4957571886479857,5.143669301643968,3.7087611369788647,2023
5220,7174,Adrià Giner Pedrosa,31,1705,1,0.676932604983449,4,3.719353220425546,16,27,1,0,D S,Sevilla,1,0.676932604983449,5.681037684902549,3.7354735117405657,2023
5221,7286,Juan Miranda González,25,1871,1,2.5544359046034515,1,2.2766245119273663,15,21,8,0,D S,Real Betis,1,2.5544359046034515,9.58624094352126,6.43008853495121,2023
5225,7609,Carles Pérez Sayol,16,764,1,1.3790044747292995,1,1.3671489879488945,24,10,3,0,D M S,Celta Vigo,1,1.3790044747292995,4.660734243690968,2.777670806273818,2023
5228,7857,Jon Moncayola Tollar,33,1800,1,0.9331170525401832,3,2.5943564297631383,16,21,2,1,F M S,Osasuna,1,0.9331170525401832,7.213975889608264,5.365969069302082,2023
5229,7888,Nemanja Gudelj,22,1745,1,0.7564000599086285,1,0.7040673717856407,19,7,7,0,D M S,Sevilla,1,0.7564000599086285,2.8698927480727434,2.7067639399319887,2023
5231,8091,Ronald Araujo,25,1992,1,2.4427372300997376,2,1.7349820882081983,23,8,6,0,D S,Barcelona,1,2.4427372300997376,12.875288758426905,11.938473954796793,2023
5239,8939,Marcos Acuña,21,1340,1,0.428915673866868,2,2.0705395191907883,9,23,7,0,D S,Sevilla,1,0.428915673866868,5.24521953985095,3.3911742232739925,2023
5243,9755,Iñigo Ruiz de Galarreta,29,2140,1,0.3331029573455453,1,2.6309501454234123,11,27,7,0,M S,Athletic Club,1,0.3331029573455453,10.054476633667946,8.725870177149773,2023
5248,9810,Fran García,25,1377,1,0.8616898478940129,5,2.6056827530264854,9,16,2,0,D S,Real Madrid,1,0.8616898478940129,10.99445502087474,8.379380259662867,2023
5249,9811,Óscar Valentín,34,2728,1,2.517518602311611,0,0.7553664008155465,15,11,5,1,M S,Rayo Vallecano,1,2.517518602311611,6.878373552113771,6.031045524403453,2023
5251,9815,Pathé Ciss,31,1624,1,1.4027741933241489,0,0.4211129285395145,22,11,10,0,D M S,Rayo Vallecano,1,1.4027741933241489,4.941405242308974,3.482982475310564,2023
5256,10364,Nahuel Tenaglia,25,1111,1,0.7715793494135141,0,0.4669570922851562,8,6,5,0,D S,Alaves,1,0.7715793494135141,3.8306761365383863,3.272857405245304,2023
5266,11071,Brian Ocampo,13,201,1,0.2481075935065746,0,0.1097212843596935,5,2,2,0,M S,Cadiz,1,0.2481075935065746,1.3427426051348448,1.0034629348665476,2023
5283,391,David Alaba,14,1154,0,1.2931234426796436,1,0.8402687106281519,14,10,2,0,D,Real Madrid,0,1.2931234426796436,6.041483221575618,5.476463763043284,2023
5284,492,Héctor Bellerín,23,1704,0,0.3341669738292694,1,1.9478861335664988,2,15,0,1,D M S,Real Betis,0,0.3341669738292694,6.715505924075842,5.353044997900724,2023
5286,497,Francis Coquelin,17,910,0,0.1641912348568439,0,0.0949985831975936,3,1,4,0,M S,Villarreal,0,0.1641912348568439,4.41907699033618,4.271606404334307,2023
5287,552,Ander Herrera,23,1010,0,0.7731333766132593,3,1.467544499784708,14,12,4,0,M S,Athletic Club,0,0.7731333766132593,4.63287403061986,3.9313354566693306,2023
5288,615,Fernando Reges,8,450,0,0.0171756707131862,0,0.7489490881562233,1,2,0,0,M S,Sevilla,0,0.0171756707131862,1.6335179647430778,0.9835764011368155,2023
5289,616,Jesús Navas,29,2032,0,0.1678512850776314,2,3.4736319854855537,7,23,5,1,D S,Sevilla,0,0.1678512850776314,8.608703004196286,6.22283641807735,2023
5290,680,Thibaut Courtois,4,336,0,0.0,0,0.1762250810861587,0,1,0,0,GK,Real Madrid,0,0.0,2.6165935900062323,2.4403685238212347,2023
5292,842,Oriol Romeu Vidal,28,932,0,0.4870307557284832,1,1.0925833769142628,10,7,4,0,M S,Barcelona,0,0.4870307557284832,6.967861384153366,5.97800425440073,2023
5293,973,Paulo Gazzaniga,38,3420,0,0.0,0,0.2728084586560726,0,3,2,0,GK,Girona,0,0.0,11.777999337762594,11.523015450686216,2023
5295,1382,José Callejón,25,763,0,1.4001540020108223,1,1.5133505389094353,11,16,2,0,D F M S,Granada,0,1.4001540020108223,5.023295275866985,3.422605959698558,2023
5297,1588,Raúl Albiol,26,2039,0,0.1873274138197302,1,1.5144617557525637,6,3,6,0,D S,Villarreal,0,0.1873274138197302,5.379311555996537,5.379311555996537,2023
5298,1621,Marcos Alonso Mendoza,5,250,0,0.0645731538534164,0,0.6204419042915106,3,5,0,0,D S,Barcelona,0,0.0645731538534164,1.7688512280583382,1.1844583824276924,2023
5302,1731,Claudio Bravo,7,630,0,0.0,0,0.0469669923186302,0,1,0,0,GK,Real Betis,0,0.0,0.6719896532595158,0.6250226609408855,2023
5305,2122,Joan Jordán,8,376,0,0.2038762848824262,0,0.0451160557568073,6,2,0,0,M S,Sevilla,0,0.2038762848824262,0.6885622888803482,0.610394649207592,2023
5308,2194,Damián Suárez,16,1323,0,0.3071885607205331,2,0.7839745869860053,4,17,6,1,D M S,Getafe,0,0.3071885607205331,3.2181388190947473,2.7108029201626778,2023
5311,2226,Zaldúa,13,713,0,0.0142668616026639,0,0.6533675184473395,1,5,3,0,D M S,Cadiz,0,0.0142668616026639,1.912533525377512,1.361300956457853,2023
5312,2228,Aritz Elustondo,15,792,0,0.2734052082523703,1,0.7126521356403828,6,7,2,0,D S,Real Sociedad,0,0.2734052082523703,1.222236301749945,1.0287848487496376,2023
5314,2261,Jan Oblak,38,3420,0,0.0,0,0.0,0,0,1,0,GK,Atletico Madrid,0,0.0,6.289251936599612,6.289251936599612,2023
5315,2263,Stefan Savić,23,1632,0,0.2319706631824374,0,0.0716344788670539,5,1,5,1,D S,Atletico Madrid,0,0.2319706631824374,8.325394976884127,8.325394976884127,2023
5317,2272,Yannick Carrasco,3,234,0,0.0718080624938011,1,0.2317299097776413,2,4,0,0,D,Atletico Madrid,0,0.0718080624938011,0.996244352310896,0.8823320083320141,2023
5318,2278,Giménez,22,1321,0,0.3844417072832584,0,0.0548979341983795,7,1,5,0,D S,Atletico Madrid,0,0.3844417072832584,4.855000216513872,4.800102312117815,2023
5319,2301,Manu Trigueros,14,278,0,0.7013782588765025,0,0.182953268289566,6,5,0,0,M S,Villarreal,0,0.7013782588765025,1.559991167858243,0.889558769762516,2023
5321,2308,Denis Suárez,4,114,0,0.0676707029342651,0,0.494709849357605,1,3,0,0,M S,Villarreal,0,0.0676707029342651,0.5971031673252583,0.0545091405510902,2023
5325,2415,David Soria,39,3504,0,0.0,0,0.0,0,0,3,0,GK,Getafe,0,0.0,1.6697353422641754,1.6697353422641754,2023
5328,2424,Óliver Torres,27,1633,0,0.6434128619730473,1,2.451912136748433,9,22,3,0,F M S,Sevilla,0,0.6434128619730473,7.696620766073465,5.100665792822838,2023
5330,2446,Dani Ceballos,20,556,0,0.51682398468256,2,1.323996583931148,7,12,2,0,M S,Real Madrid,0,0.51682398468256,6.05693104211241,4.6717898128554225,2023
5332,2456,Omar Mascarell González,29,1577,0,0.2071775989606976,0,0.0311384322121739,6,2,6,1,D M S,Mallorca,0,0.2071775989606976,4.018802328035235,3.941452434286475,2023
5335,2484,Iñigo Lekue Martínez,20,1276,0,0.5659955367445946,0,0.0172937158495187,8,1,5,0,D S,Barcelona,0,0.5659955367445946,9.240256048738956,9.240256048738956,2023
5336,2509,Dimitri Foulquier,33,1804,0,0.6595267774537206,0,1.0877278074622154,7,14,3,0,D M S,Valencia,0,0.6595267774537206,6.5488414373248816,5.640171140432358,2023
5338,2539,Jaume Costa,30,1692,0,0.3761693984270096,1,1.0755313038825989,6,19,7,0,D S,Mallorca,0,0.3761693984270096,2.631909340620041,1.6665169820189476,2023
5339,2543,Borja Iglesias,11,388,0,0.7683117017149925,1,1.13411545753479,10,11,2,0,F S,Real Betis,0,0.7683117017149925,2.835924595594406,1.062027856707573,2023
5341,2609,Gerard Gumbau Garriga,35,2714,0,1.8900840035639703,3,4.485361495986581,45,41,12,0,M S,Granada,0,1.8900840035639703,7.919907013420016,4.410726794973016,2023
5342,2619,Stole Dimitrievski,37,3330,0,0.0,0,0.0516082141548395,0,2,1,0,GK,Rayo Vallecano,0,0.0,1.6695769000798464,1.6179686803370714,2023
5343,3208,Óscar Trejo,31,1400,0,0.8453094018623233,0,1.4899287717416885,18,22,4,1,F M S,Rayo Vallecano,0,0.8453094018623233,4.244989138096571,2.539323018863797,2023
5346,3264,Mauro Arambarri,7,321,0,0.2758096102625131,0,0.0399282723665237,9,2,2,0,M S,Getafe,0,0.2758096102625131,0.7712307870388031,0.4936759360134601,2023
5347,3399,Youssouf Sabaly,12,1053,0,0.1100941058248281,1,0.6800671080127358,4,4,2,0,D,Real Betis,0,0.1100941058248281,2.208556307479739,1.862690029665828,2023
5348,3425,Thomas Lemar,3,177,0,0.1218904107809066,0,0.0145741188898682,2,1,0,0,M,Atletico Madrid,0,0.1218904107809066,0.8289734497666359,0.7070829942822456,2023
5350,4177,Álex Fernández,26,1270,0,0.2681667953729629,1,0.8052411060780287,7,13,3,0,F M S,Cadiz,0,0.2681667953729629,2.13529378734529,1.4652563501149416,2023
5351,4193,Aitor Fernández,7,545,0,0.1320342421531677,0,0.0,1,0,1,0,GK S,Osasuna,0,0.1320342421531677,0.8849698007106781,0.8849698007106781,2023
5357,5037,Darko Brašanac,2,43,0,0.0,0,0.058772288262844,0,1,0,0,S,Osasuna,0,0.0,0.091545321047306,0.0327730327844619,2023
5359,5047,Rubén Sobrino Pozuelo,33,1707,0,1.7188277821987867,1,2.139330465346575,21,23,9,1,F M S,Cadiz,0,1.7188277821987867,4.474040633067489,1.4335287157446146,2023
5363,5075,Rubén Peña,29,2126,0,1.05329264793545,2,2.6980124656111,17,29,3,0,D F M S,Osasuna,0,1.05329264793545,7.286354508250952,5.073089100420475,2023
5366,5109,Rui Silva,28,2479,0,0.0,0,0.0,0,0,4,0,GK,Real Betis,0,0.0,2.6925004106014967,2.6925004106014967,2023
5367,5110,Mariano,9,232,0,1.283030454069376,0,0.1081700474023819,14,2,1,0,F S,Sevilla,0,1.283030454069376,0.8322091698646545,0.1192917507141828,2023
5368,5117,Víctor Díaz,4,159,0,0.0,0,0.0,0,0,1,0,D S,Granada,0,0.0,0.3886590600013733,0.3886590600013733,2023
5372,5185,Unai Simón,36,3186,0,0.0,0,0.0254396069794893,0,1,2,0,GK,Athletic Club,0,0.0,6.068774430081248,6.043334823101759,2023
5373,5200,Eric Curbelo de la Fe,2,100,0,0.0,0,0.0,0,0,0,0,D S,Las Palmas,0,0.0,0.0456804148852825,0.0456804148852825,2023
5377,5672,Iván Balliu,33,2878,0,0.959212239831686,1,2.487216589972377,11,24,4,0,D S,Rayo Vallecano,0,0.959212239831686,7.487997930496931,5.4183551874011755,2023
5386,6136,Mario Hermoso,31,2559,0,1.4281741920858622,1,0.7117665782570839,17,17,9,0,D S,Atletico Madrid,0,1.4281741920858622,16.1638703905046,15.305130396038294,2023
5388,6164,Andrés Guardado,12,421,0,0.1238458976149559,0,0.17838532384485,5,5,2,0,M S,Real Betis,0,0.1238458976149559,2.278516659513116,2.1590131651610136,2023
5389,6177,Luiz Felipe,4,360,0,0.1076035313308239,0,0.0991769731044769,2,1,1,0,D,Real Betis,0,0.1076035313308239,0.6651503592729568,0.6651503592729568,2023
5391,6219,Enes Ünal,3,133,0,0.0809843465685844,1,0.6826157048344612,1,3,0,0,F S,Getafe,0,0.0809843465685844,0.7880530953407288,0.0948138087987899,2023
5392,6224,Marko Dmitrović,13,1170,0,0.0,0,0.0,0,0,1,0,GK,Sevilla,0,0.0,1.0511504001915457,1.0511504001915457,2023
5393,6226,Iván Alejo Peralta,31,1770,0,0.5896123591810465,2,2.0204057544469833,12,15,18,0,M S,Cadiz,0,0.5896123591810465,3.699001715518534,1.8776471866294744,2023
5394,6233,Ferland Mendy,23,1758,0,0.2666007615625858,0,1.1088898330926895,5,11,5,0,D S,Real Madrid,0,0.2666007615625858,12.091725358739495,10.99658022262156,2023
5395,6242,Johan Mojica,30,2035,0,1.0765943648293614,3,3.2767959982156754,17,24,1,0,D F S,Osasuna,0,1.0765943648293614,7.460344950668514,5.053867304697633,2023
5397,6592,Manuel Morlanes Ariño,35,1607,0,0.9207215989008546,2,1.5948606301099062,11,16,2,0,M S,Mallorca,0,0.9207215989008546,4.826761193573475,3.2111904323101044,2023
5401,6766,Daniel Vivian Moreno,33,2884,0,0.8867789721116424,0,0.5833873376250267,11,6,6,0,D S,Athletic Club,0,0.8867789721116424,8.652127988636494,8.47702593356371,2023
5404,6931,Fran Beltrán,33,2463,0,0.6912616118788719,0,1.1813373565673828,21,18,2,0,M S,Celta Vigo,0,0.6912616118788719,12.35244132578373,11.672832887619734,2023
5408,7194,Andriy Lunin,21,1890,0,0.0,0,0.1058787852525711,0,1,2,0,GK,Real Madrid,0,0.0,5.532087583094835,5.426208805292845,2023
5411,7306,Aihen Muñoz Capellán,21,1094,0,0.2717834999784827,2,1.6518815699964762,7,12,2,0,D S,Real Sociedad,0,0.2717834999784827,5.011136032640934,3.685880288481712,2023
5414,7385,Javi Galán,19,1162,0,0.1072029825299978,1,1.2079992294311523,3,11,4,0,D M S,Atletico Madrid,0,0.1072029825299978,4.2576851565390825,3.9845173079520464,2023
5418,7605,Manu Sánchez,26,1784,0,0.5429475717246532,5,3.505473857745528,9,20,3,0,D S,Celta Vigo,0,0.5429475717246532,7.5165757574141026,5.35230431240052,2023
5419,7718,Predrag Rajkovic,36,3240,0,0.0,0,0.1604034006595611,0,4,2,0,GK,Mallorca,0,0.0,2.2080533392727375,2.0476499376818538,2023
5420,7826,Joseph Aidoo,6,400,0,0.1291830167174339,0,0.0441861115396022,3,1,0,0,D S,Celta Vigo,0,0.1291830167174339,0.7474957443773746,0.7014066018164158,2023
5422,7838,Martin Valjent,28,2376,0,0.2804082296788692,1,0.7641149433329701,9,7,5,0,D,Mallorca,0,0.2804082296788692,3.387194753624499,2.823629103600979,2023
5423,7840,Iddrisu Baba,25,1416,0,0.3663055226206779,0,0.4541104203090071,8,6,5,0,M S,Almeria,0,0.3663055226206779,1.828830935060978,1.3067606063559651,2023
5425,7859,Sergio Herrera,32,2875,0,0.0,0,0.0070047862827777,0,1,2,0,GK,Osasuna,0,0.0,1.963049747981131,1.9560449616983533,2023
5426,7860,Domingos Duarte,15,898,0,0.0996901094913482,0,0.0824884828180074,1,2,3,2,D S,Getafe,0,0.0996901094913482,1.5951038803905249,1.5126153975725174,2023
5428,7864,Carlos Neva Tey,36,3180,0,0.1293451897799968,2,3.277485676109791,4,21,4,0,D,Granada,0,0.1293451897799968,7.631473049055785,5.563596080522984,2023
5431,7967,Anssumane Fati,3,26,0,0.851670041680336,0,0.0,7,0,0,0,S,Barcelona,0,0.851670041680336,1.3263437449932098,0.474673705175519,2023
5433,8058,Thierry Rendall Correia,31,2180,0,0.8264532443135977,2,2.285063786432147,5,18,4,1,D M S,Valencia,0,0.8264532443135977,8.928189212456346,7.467619983479381,2023
5435,8108,Daniel Cárdenas Líndez,1,90,0,0.0,0,0.0,0,0,0,0,GK,Rayo Vallecano,0,0.0,0.0,0.0,2023
5444,8710,Renato Tapia,21,1337,0,1.1141321901232004,0,0.5880990009754896,19,6,3,1,D M S,Celta Vigo,0,1.1141321901232004,5.394871832802892,4.476658945903182,2023
5446,8713,Gabriel Veiga Novas,1,14,0,0.0,0,0.0,0,0,0,0,S,Celta Vigo,0,0.0,0.0945315584540367,0.0945315584540367,2023
5447,8725,Luis Milla,28,2220,0,0.7645091386511922,1,1.65008888207376,17,30,6,0,M S,Getafe,0,0.7645091386511922,6.788594078272581,5.593738727271557,2023
5451,8733,Alfonso Espino,31,2535,0,0.9701855070888996,1,3.3670406583696604,18,28,9,0,D S,Rayo Vallecano,0,0.9701855070888996,7.077559070661664,3.91663090325892,2023
5455,8761,Shon Weissman,5,61,0,0.0275173429399728,0,0.0,1,0,0,0,S,Granada,0,0.0275173429399728,0.0410245666280388,0.013507223688066,2023
5456,8773,Álex Centelles,14,974,0,0.0569905154407024,1,1.2923075705766678,2,11,2,0,D M S,Almeria,0,0.0569905154407024,1.7054213136434555,1.3082378581166267,2023
5457,8849,Alberto Perea Correoso,2,2,0,0.0,0,0.0645603314042091,0,1,0,0,S,Granada,0,0.0,0.0645603314042091,0.0645603314042091,2023
5460,8949,Jeremías Ledesma,34,3052,0,0.0,0,0.0539969950914382,0,1,0,0,GK,Cadiz,0,0.0,2.63006785325706,2.5760708581656218,2023
5462,8986,Omar Alderete,32,2228,0,2.0292449481785297,1,1.0543783586472273,23,12,7,1,D M S,Getafe,0,2.0292449481785297,3.4851332590915263,3.2615407910197973,2023
5464,9024,Yeremy Pino,7,501,0,0.9005821198225021,0,0.2941292840987444,9,5,4,0,F M,Villarreal,0,0.9005821198225021,1.3586286306381226,0.3870690912008285,2023
5468,9243,Ilaix Moriba,15,616,0,0.2090145461261272,2,0.9248004481196404,4,6,3,1,M S,Getafe,0,0.2090145461261272,1.7193779377266765,0.7051846478134394,2023
5482,9693,Giorgi Mamardashvili,37,3288,0,0.0,0,0.2702518608421087,0,2,3,1,GK,Valencia,0,0.0,2.166453121230006,1.8962012510746715,2023
5485,9794,Franco Cervi,17,514,0,0.3993713539093733,1,1.7846542578190565,9,10,2,0,D M S,Celta Vigo,0,0.3993713539093733,3.603385565802455,1.607266677543521,2023
5500,10323,Jesús Corona,2,9,0,0.0,0,0.0,0,0,0,0,S,Sevilla,0,0.0,0.0,0.0,2023
5515,10969,Fernando Martínez Rubio,4,360,0,0.0,0,0.0,0,0,0,0,GK,Almeria,0,0.0,0.1706023849546909,0.1706023849546909,2023
5516,10971,Srdan Babic,1,90,0,0.0576848946511745,0,0.0,1,0,0,0,D,Almeria,0,0.0576848946511745,0.1038091480731964,0.1038091480731964,2023
5517,10972,Lucas Robertone,33,2454,0,1.0352079533040524,5,2.886367235332727,37,33,11,0,M S,Almeria,0,1.0352079533040524,10.68546389695257,8.120876839384437,2023
5520,10987,Fabrizio Angileri,12,215,0,0.0,0,1.3041672706604004,0,4,2,0,D S,Getafe,0,0.0,1.1894072806462646,0.668181031011045,2023
5522,10999,Marcão,7,341,0,0.0,0,0.3002846240997314,0,1,2,0,D S,Sevilla,0,0.0,1.1862068492919209,1.1862068492919209,2023
5536,11379,Selim Amallah,20,566,0,0.6258985176682472,1,0.452852526679635,11,4,3,1,F M S,Valencia,0,0.6258985176682472,1.5915673822164536,0.5930880382657051,2023
